<?xml version="1.0" encoding="UTF-8"?>
<teamcity-plugin xmlns:xsi="http://www.w3.org/2001/XMLSchema-instance"
                 xsi:noNamespaceSchemaLocation="urn:shemas-jetbrains-com:teamcity-plugin-v1-xml">
    <info>
        <name>teamcity-slack-integration</name>
        <display-name>Slack</display-name>
        <version>snapshot-20160911135025</version>
        <description>Post messages to your Slack instance for build events.</description>
        <download-url>http://enlivenhq.com/</download-url>
        <email>developers@enlivenhq.com</email>
        <vendor>
            <name>Enliven HQ</name>
            <url>http://enlivenhq.com/</url>
            <logo>http://enlivenhq.com/wp-content/themes/enlivenhq/_/images/enliven_circle.svg</logo>
        </vendor>
    </info>
    <deployment use-separate-classloader="true"/>
</teamcity-plugin>
